run,model,data_spec,prior_spec,constraint_spec,competition_measurement_frequency,coefficient,time_index,posterior_mean,ci_2.5,ci_97.5
hsa_full_labor_share_gap_hp_baseline_20260702_073151,hsa_full,labor_share_gap_hp,baseline,unrestricted,quarterly_interpolated,kappa_t,0,0.029863342433185783,-0.14934600134518927,0.2078789656598277
hsa_full_labor_share_gap_hp_baseline_20260702_073151,hsa_full,labor_share_gap_hp,baseline,unrestricted,quarterly_interpolated,kappa_t,5,0.02765384228466229,-0.14917486161946408,0.2020540652964409
hsa_full_labor_share_gap_hp_baseline_20260702_073151,hsa_full,labor_share_gap_hp,baseline,unrestricted,quarterly_interpolated,kappa_t,11,0.024739100378267473,-0.14967378205522688,0.19569083245532318
hsa_full_labor_share_gap_hp_baseline_20260702_073151,hsa_full,labor_share_gap_hp,baseline,unrestricted,quarterly_interpolated,kappa_t,16,0.022808726166510866,-0.14881312413016914,0.19210284973065472
hsa_full_labor_share_gap_hp_baseline_20260702_073151,hsa_full,labor_share_gap_hp,baseline,unrestricted,quarterly_interpolated,kappa_t,21,0.020350035927417562,-0.1496304741120709,0.18861838066771233
hsa_full_labor_share_gap_hp_baseline_20260702_073151,hsa_full,labor_share_gap_hp,baseline,unrestricted,quarterly_interpolated,kappa_t,27,0.0174427644041547,-0.15035722952014943,0.18187339118169815
hsa_full_labor_share_gap_hp_baseline_20260702_073151,hsa_full,labor_share_gap_hp,baseline,unrestricted,quarterly_interpolated,kappa_t,32,0.01527256507235259,-0.15066215690582546,0.18019675352773087
hsa_full_labor_share_gap_hp_baseline_20260702_073151,hsa_full,labor_share_gap_hp,baseline,unrestricted,quarterly_interpolated,kappa_t,37,0.013081342210354584,-0.15057582320433477,0.17577272694430077
hsa_full_labor_share_gap_hp_baseline_20260702_073151,hsa_full,labor_share_gap_hp,baseline,unrestricted,quarterly_interpolated,kappa_t,43,0.010577819047548776,-0.15030433940486446,0.17224078302948137
hsa_full_labor_share_gap_hp_baseline_20260702_073151,hsa_full,labor_share_gap_hp,baseline,unrestricted,quarterly_interpolated,kappa_t,48,0.008489025149701896,-0.15270025894643952,0.169264684092452
hsa_full_labor_share_gap_hp_baseline_20260702_073151,hsa_full,labor_share_gap_hp,baseline,unrestricted,quarterly_interpolated,kappa_t,53,0.0063489105842124485,-0.1544794733056603,0.16670453741980307
hsa_full_labor_share_gap_hp_baseline_20260702_073151,hsa_full,labor_share_gap_hp,baseline,unrestricted,quarterly_interpolated,kappa_t,59,0.0037289596025233494,-0.15531560868866287,0.163010768515472
hsa_full_labor_share_gap_hp_baseline_20260702_073151,hsa_full,labor_share_gap_hp,baseline,unrestricted,quarterly_interpolated,kappa_t,64,0.001247079651321948,-0.160007802766099,0.16007286272750837
hsa_full_labor_share_gap_hp_baseline_20260702_073151,hsa_full,labor_share_gap_hp,baseline,unrestricted,quarterly_interpolated,kappa_t,70,-0.001642359709999574,-0.1627107991901053,0.15720631599490226
hsa_full_labor_share_gap_hp_baseline_20260702_073151,hsa_full,labor_share_gap_hp,baseline,unrestricted,quarterly_interpolated,kappa_t,75,-0.004060143207854131,-0.16590214597817826,0.15630858081233698
hsa_full_labor_share_gap_hp_baseline_20260702_073151,hsa_full,labor_share_gap_hp,baseline,unrestricted,quarterly_interpolated,kappa_t,80,-0.006546883205438522,-0.17097351036063996,0.15426134805288275
hsa_full_labor_share_gap_hp_baseline_20260702_073151,hsa_full,labor_share_gap_hp,baseline,unrestricted,quarterly_interpolated,kappa_t,86,-0.009175820903021053,-0.17613229846607614,0.15334887212424808
hsa_full_labor_share_gap_hp_baseline_20260702_073151,hsa_full,labor_share_gap_hp,baseline,unrestricted,quarterly_interpolated,kappa_t,91,-0.011498351555838506,-0.1792867782340991,0.15290881237378914
hsa_full_labor_share_gap_hp_baseline_20260702_073151,hsa_full,labor_share_gap_hp,baseline,unrestricted,quarterly_interpolated,kappa_t,96,-0.013590262690258568,-0.18145608148926803,0.15626483970083252
hsa_full_labor_share_gap_hp_baseline_20260702_073151,hsa_full,labor_share_gap_hp,baseline,unrestricted,quarterly_interpolated,kappa_t,102,-0.016432351171281324,-0.1885567367744258,0.15419815855525207
hsa_full_labor_share_gap_hp_baseline_20260702_073151,hsa_full,labor_share_gap_hp,baseline,unrestricted,quarterly_interpolated,kappa_t,107,-0.018657792776987377,-0.19464715812014954,0.15751872929184013
hsa_full_labor_share_gap_hp_baseline_20260702_073151,hsa_full,labor_share_gap_hp,baseline,unrestricted,quarterly_interpolated,kappa_t,112,-0.020764366572015504,-0.19892542461222495,0.1591371084524116
hsa_full_labor_share_gap_hp_baseline_20260702_073151,hsa_full,labor_share_gap_hp,baseline,unrestricted,quarterly_interpolated,kappa_t,118,-0.02348342297775317,-0.20848810087192285,0.15852298637750142
hsa_full_labor_share_gap_hp_baseline_20260702_073151,hsa_full,labor_share_gap_hp,baseline,unrestricted,quarterly_interpolated,kappa_t,123,-0.02574524171608028,-0.2152198189393994,0.15998559542883858
hsa_full_labor_share_gap_hp_baseline_20260702_073151,hsa_full,labor_share_gap_hp,baseline,unrestricted,quarterly_interpolated,theta_t,0,-0.09463601226614664,-0.20207732112596707,0.026619937096442305
hsa_full_labor_share_gap_hp_baseline_20260702_073151,hsa_full,labor_share_gap_hp,baseline,unrestricted,quarterly_interpolated,theta_t,5,-0.08879770578790948,-0.192232257406081,0.029071765037048752
hsa_full_labor_share_gap_hp_baseline_20260702_073151,hsa_full,labor_share_gap_hp,baseline,unrestricted,quarterly_interpolated,theta_t,11,-0.08100035802842619,-0.18308131294909988,0.03173497413272891
hsa_full_labor_share_gap_hp_baseline_20260702_073151,hsa_full,labor_share_gap_hp,baseline,unrestricted,quarterly_interpolated,theta_t,16,-0.07589341621262762,-0.1766501601045281,0.03445004316932832
hsa_full_labor_share_gap_hp_baseline_20260702_073151,hsa_full,labor_share_gap_hp,baseline,unrestricted,quarterly_interpolated,theta_t,21,-0.06932278554817933,-0.16934576454884148,0.03790627586295396
hsa_full_labor_share_gap_hp_baseline_20260702_073151,hsa_full,labor_share_gap_hp,baseline,unrestricted,quarterly_interpolated,theta_t,27,-0.0615414514870676,-0.16099366440663568,0.04504061919114383
hsa_full_labor_share_gap_hp_baseline_20260702_073151,hsa_full,labor_share_gap_hp,baseline,unrestricted,quarterly_interpolated,theta_t,32,-0.05569742966207879,-0.1564397804488957,0.04944358231516047
hsa_full_labor_share_gap_hp_baseline_20260702_073151,hsa_full,labor_share_gap_hp,baseline,unrestricted,quarterly_interpolated,theta_t,37,-0.049823261259645577,-0.15234329189894363,0.05473673101159927
hsa_full_labor_share_gap_hp_baseline_20260702_073151,hsa_full,labor_share_gap_hp,baseline,unrestricted,quarterly_interpolated,theta_t,43,-0.043213609139503756,-0.1490041958904808,0.06089167000910043
hsa_full_labor_share_gap_hp_baseline_20260702_073151,hsa_full,labor_share_gap_hp,baseline,unrestricted,quarterly_interpolated,theta_t,48,-0.03766055170467312,-0.14545005015837295,0.06736481493138372
hsa_full_labor_share_gap_hp_baseline_20260702_073151,hsa_full,labor_share_gap_hp,baseline,unrestricted,quarterly_interpolated,theta_t,53,-0.03194639517325815,-0.14313351193423104,0.07526165012556874
hsa_full_labor_share_gap_hp_baseline_20260702_073151,hsa_full,labor_share_gap_hp,baseline,unrestricted,quarterly_interpolated,theta_t,59,-0.025065339800188147,-0.13995116924656392,0.0843227162024138
hsa_full_labor_share_gap_hp_baseline_20260702_073151,hsa_full,labor_share_gap_hp,baseline,unrestricted,quarterly_interpolated,theta_t,64,-0.018518386830441654,-0.13747035115463427,0.09310514323413173
hsa_full_labor_share_gap_hp_baseline_20260702_073151,hsa_full,labor_share_gap_hp,baseline,unrestricted,quarterly_interpolated,theta_t,70,-0.010926851948673443,-0.13639083852743322,0.10383989128389226
hsa_full_labor_share_gap_hp_baseline_20260702_073151,hsa_full,labor_share_gap_hp,baseline,unrestricted,quarterly_interpolated,theta_t,75,-0.004599357676553536,-0.13417906750179698,0.11544928687415351
hsa_full_labor_share_gap_hp_baseline_20260702_073151,hsa_full,labor_share_gap_hp,baseline,unrestricted,quarterly_interpolated,theta_t,80,0.0018476730908259411,-0.13287454379609243,0.12482811961908978
hsa_full_labor_share_gap_hp_baseline_20260702_073151,hsa_full,labor_share_gap_hp,baseline,unrestricted,quarterly_interpolated,theta_t,86,0.008801436652973229,-0.1328116359264308,0.13788078452263383
hsa_full_labor_share_gap_hp_baseline_20260702_073151,hsa_full,labor_share_gap_hp,baseline,unrestricted,quarterly_interpolated,theta_t,91,0.014859872512134956,-0.13157529475646906,0.15133941826763067
hsa_full_labor_share_gap_hp_baseline_20260702_073151,hsa_full,labor_share_gap_hp,baseline,unrestricted,quarterly_interpolated,theta_t,96,0.02041513981375637,-0.13024783211460003,0.1652163507422759
hsa_full_labor_share_gap_hp_baseline_20260702_073151,hsa_full,labor_share_gap_hp,baseline,unrestricted,quarterly_interpolated,theta_t,102,0.02787270280070504,-0.12683333972012728,0.1814814411296173
hsa_full_labor_share_gap_hp_baseline_20260702_073151,hsa_full,labor_share_gap_hp,baseline,unrestricted,quarterly_interpolated,theta_t,107,0.03371000735872909,-0.1249589644884492,0.19472595046363808
hsa_full_labor_share_gap_hp_baseline_20260702_073151,hsa_full,labor_share_gap_hp,baseline,unrestricted,quarterly_interpolated,theta_t,112,0.039313867351652744,-0.12480125317728435,0.20615610024632225
hsa_full_labor_share_gap_hp_baseline_20260702_073151,hsa_full,labor_share_gap_hp,baseline,unrestricted,quarterly_interpolated,theta_t,118,0.04653982797560053,-0.12581228610903647,0.22229882402365164
hsa_full_labor_share_gap_hp_baseline_20260702_073151,hsa_full,labor_share_gap_hp,baseline,unrestricted,quarterly_interpolated,theta_t,123,0.052553453944683165,-0.12570749319324506,0.23335433797031654
hsa_full_labor_share_gap_hp_baseline_20260702_145315,hsa_full,labor_share_gap_hp,baseline,unrestricted,quarterly_interpolated,kappa_t,0,0.029863342433185783,-0.14934600134518927,0.2078789656598277
hsa_full_labor_share_gap_hp_baseline_20260702_145315,hsa_full,labor_share_gap_hp,baseline,unrestricted,quarterly_interpolated,kappa_t,5,0.02765384228466229,-0.14917486161946408,0.2020540652964409
hsa_full_labor_share_gap_hp_baseline_20260702_145315,hsa_full,labor_share_gap_hp,baseline,unrestricted,quarterly_interpolated,kappa_t,11,0.024739100378267473,-0.14967378205522688,0.19569083245532318
hsa_full_labor_share_gap_hp_baseline_20260702_145315,hsa_full,labor_share_gap_hp,baseline,unrestricted,quarterly_interpolated,kappa_t,16,0.022808726166510866,-0.14881312413016914,0.19210284973065472
hsa_full_labor_share_gap_hp_baseline_20260702_145315,hsa_full,labor_share_gap_hp,baseline,unrestricted,quarterly_interpolated,kappa_t,21,0.020350035927417562,-0.1496304741120709,0.18861838066771233
hsa_full_labor_share_gap_hp_baseline_20260702_145315,hsa_full,labor_share_gap_hp,baseline,unrestricted,quarterly_interpolated,kappa_t,27,0.0174427644041547,-0.15035722952014943,0.18187339118169815
hsa_full_labor_share_gap_hp_baseline_20260702_145315,hsa_full,labor_share_gap_hp,baseline,unrestricted,quarterly_interpolated,kappa_t,32,0.01527256507235259,-0.15066215690582546,0.18019675352773087
hsa_full_labor_share_gap_hp_baseline_20260702_145315,hsa_full,labor_share_gap_hp,baseline,unrestricted,quarterly_interpolated,kappa_t,37,0.013081342210354584,-0.15057582320433477,0.17577272694430077
hsa_full_labor_share_gap_hp_baseline_20260702_145315,hsa_full,labor_share_gap_hp,baseline,unrestricted,quarterly_interpolated,kappa_t,43,0.010577819047548776,-0.15030433940486446,0.17224078302948137
hsa_full_labor_share_gap_hp_baseline_20260702_145315,hsa_full,labor_share_gap_hp,baseline,unrestricted,quarterly_interpolated,kappa_t,48,0.008489025149701896,-0.15270025894643952,0.169264684092452
hsa_full_labor_share_gap_hp_baseline_20260702_145315,hsa_full,labor_share_gap_hp,baseline,unrestricted,quarterly_interpolated,kappa_t,53,0.0063489105842124485,-0.1544794733056603,0.16670453741980307
hsa_full_labor_share_gap_hp_baseline_20260702_145315,hsa_full,labor_share_gap_hp,baseline,unrestricted,quarterly_interpolated,kappa_t,59,0.0037289596025233494,-0.15531560868866287,0.163010768515472
hsa_full_labor_share_gap_hp_baseline_20260702_145315,hsa_full,labor_share_gap_hp,baseline,unrestricted,quarterly_interpolated,kappa_t,64,0.001247079651321948,-0.160007802766099,0.16007286272750837
hsa_full_labor_share_gap_hp_baseline_20260702_145315,hsa_full,labor_share_gap_hp,baseline,unrestricted,quarterly_interpolated,kappa_t,70,-0.001642359709999574,-0.1627107991901053,0.15720631599490226
hsa_full_labor_share_gap_hp_baseline_20260702_145315,hsa_full,labor_share_gap_hp,baseline,unrestricted,quarterly_interpolated,kappa_t,75,-0.004060143207854131,-0.16590214597817826,0.15630858081233698
hsa_full_labor_share_gap_hp_baseline_20260702_145315,hsa_full,labor_share_gap_hp,baseline,unrestricted,quarterly_interpolated,kappa_t,80,-0.006546883205438522,-0.17097351036063996,0.15426134805288275
hsa_full_labor_share_gap_hp_baseline_20260702_145315,hsa_full,labor_share_gap_hp,baseline,unrestricted,quarterly_interpolated,kappa_t,86,-0.009175820903021053,-0.17613229846607614,0.15334887212424808
hsa_full_labor_share_gap_hp_baseline_20260702_145315,hsa_full,labor_share_gap_hp,baseline,unrestricted,quarterly_interpolated,kappa_t,91,-0.011498351555838506,-0.1792867782340991,0.15290881237378914
hsa_full_labor_share_gap_hp_baseline_20260702_145315,hsa_full,labor_share_gap_hp,baseline,unrestricted,quarterly_interpolated,kappa_t,96,-0.013590262690258568,-0.18145608148926803,0.15626483970083252
hsa_full_labor_share_gap_hp_baseline_20260702_145315,hsa_full,labor_share_gap_hp,baseline,unrestricted,quarterly_interpolated,kappa_t,102,-0.016432351171281324,-0.1885567367744258,0.15419815855525207
hsa_full_labor_share_gap_hp_baseline_20260702_145315,hsa_full,labor_share_gap_hp,baseline,unrestricted,quarterly_interpolated,kappa_t,107,-0.018657792776987377,-0.19464715812014954,0.15751872929184013
hsa_full_labor_share_gap_hp_baseline_20260702_145315,hsa_full,labor_share_gap_hp,baseline,unrestricted,quarterly_interpolated,kappa_t,112,-0.020764366572015504,-0.19892542461222495,0.1591371084524116
hsa_full_labor_share_gap_hp_baseline_20260702_145315,hsa_full,labor_share_gap_hp,baseline,unrestricted,quarterly_interpolated,kappa_t,118,-0.02348342297775317,-0.20848810087192285,0.15852298637750142
hsa_full_labor_share_gap_hp_baseline_20260702_145315,hsa_full,labor_share_gap_hp,baseline,unrestricted,quarterly_interpolated,kappa_t,123,-0.02574524171608028,-0.2152198189393994,0.15998559542883858
hsa_full_labor_share_gap_hp_baseline_20260702_145315,hsa_full,labor_share_gap_hp,baseline,unrestricted,quarterly_interpolated,theta_t,0,-0.09463601226614664,-0.20207732112596707,0.026619937096442305
hsa_full_labor_share_gap_hp_baseline_20260702_145315,hsa_full,labor_share_gap_hp,baseline,unrestricted,quarterly_interpolated,theta_t,5,-0.08879770578790948,-0.192232257406081,0.029071765037048752
hsa_full_labor_share_gap_hp_baseline_20260702_145315,hsa_full,labor_share_gap_hp,baseline,unrestricted,quarterly_interpolated,theta_t,11,-0.08100035802842619,-0.18308131294909988,0.03173497413272891
hsa_full_labor_share_gap_hp_baseline_20260702_145315,hsa_full,labor_share_gap_hp,baseline,unrestricted,quarterly_interpolated,theta_t,16,-0.07589341621262762,-0.1766501601045281,0.03445004316932832
hsa_full_labor_share_gap_hp_baseline_20260702_145315,hsa_full,labor_share_gap_hp,baseline,unrestricted,quarterly_interpolated,theta_t,21,-0.06932278554817933,-0.16934576454884148,0.03790627586295396
hsa_full_labor_share_gap_hp_baseline_20260702_145315,hsa_full,labor_share_gap_hp,baseline,unrestricted,quarterly_interpolated,theta_t,27,-0.0615414514870676,-0.16099366440663568,0.04504061919114383
hsa_full_labor_share_gap_hp_baseline_20260702_145315,hsa_full,labor_share_gap_hp,baseline,unrestricted,quarterly_interpolated,theta_t,32,-0.05569742966207879,-0.1564397804488957,0.04944358231516047
hsa_full_labor_share_gap_hp_baseline_20260702_145315,hsa_full,labor_share_gap_hp,baseline,unrestricted,quarterly_interpolated,theta_t,37,-0.049823261259645577,-0.15234329189894363,0.05473673101159927
hsa_full_labor_share_gap_hp_baseline_20260702_145315,hsa_full,labor_share_gap_hp,baseline,unrestricted,quarterly_interpolated,theta_t,43,-0.043213609139503756,-0.1490041958904808,0.06089167000910043
hsa_full_labor_share_gap_hp_baseline_20260702_145315,hsa_full,labor_share_gap_hp,baseline,unrestricted,quarterly_interpolated,theta_t,48,-0.03766055170467312,-0.14545005015837295,0.06736481493138372
hsa_full_labor_share_gap_hp_baseline_20260702_145315,hsa_full,labor_share_gap_hp,baseline,unrestricted,quarterly_interpolated,theta_t,53,-0.03194639517325815,-0.14313351193423104,0.07526165012556874
hsa_full_labor_share_gap_hp_baseline_20260702_145315,hsa_full,labor_share_gap_hp,baseline,unrestricted,quarterly_interpolated,theta_t,59,-0.025065339800188147,-0.13995116924656392,0.0843227162024138
hsa_full_labor_share_gap_hp_baseline_20260702_145315,hsa_full,labor_share_gap_hp,baseline,unrestricted,quarterly_interpolated,theta_t,64,-0.018518386830441654,-0.13747035115463427,0.09310514323413173
hsa_full_labor_share_gap_hp_baseline_20260702_145315,hsa_full,labor_share_gap_hp,baseline,unrestricted,quarterly_interpolated,theta_t,70,-0.010926851948673443,-0.13639083852743322,0.10383989128389226
hsa_full_labor_share_gap_hp_baseline_20260702_145315,hsa_full,labor_share_gap_hp,baseline,unrestricted,quarterly_interpolated,theta_t,75,-0.004599357676553536,-0.13417906750179698,0.11544928687415351
hsa_full_labor_share_gap_hp_baseline_20260702_145315,hsa_full,labor_share_gap_hp,baseline,unrestricted,quarterly_interpolated,theta_t,80,0.0018476730908259411,-0.13287454379609243,0.12482811961908978
hsa_full_labor_share_gap_hp_baseline_20260702_145315,hsa_full,labor_share_gap_hp,baseline,unrestricted,quarterly_interpolated,theta_t,86,0.008801436652973229,-0.1328116359264308,0.13788078452263383
hsa_full_labor_share_gap_hp_baseline_20260702_145315,hsa_full,labor_share_gap_hp,baseline,unrestricted,quarterly_interpolated,theta_t,91,0.014859872512134956,-0.13157529475646906,0.15133941826763067
hsa_full_labor_share_gap_hp_baseline_20260702_145315,hsa_full,labor_share_gap_hp,baseline,unrestricted,quarterly_interpolated,theta_t,96,0.02041513981375637,-0.13024783211460003,0.1652163507422759
hsa_full_labor_share_gap_hp_baseline_20260702_145315,hsa_full,labor_share_gap_hp,baseline,unrestricted,quarterly_interpolated,theta_t,102,0.02787270280070504,-0.12683333972012728,0.1814814411296173
hsa_full_labor_share_gap_hp_baseline_20260702_145315,hsa_full,labor_share_gap_hp,baseline,unrestricted,quarterly_interpolated,theta_t,107,0.03371000735872909,-0.1249589644884492,0.19472595046363808
hsa_full_labor_share_gap_hp_baseline_20260702_145315,hsa_full,labor_share_gap_hp,baseline,unrestricted,quarterly_interpolated,theta_t,112,0.039313867351652744,-0.12480125317728435,0.20615610024632225
hsa_full_labor_share_gap_hp_baseline_20260702_145315,hsa_full,labor_share_gap_hp,baseline,unrestricted,quarterly_interpolated,theta_t,118,0.04653982797560053,-0.12581228610903647,0.22229882402365164
hsa_full_labor_share_gap_hp_baseline_20260702_145315,hsa_full,labor_share_gap_hp,baseline,unrestricted,quarterly_interpolated,theta_t,123,0.052553453944683165,-0.12570749319324506,0.23335433797031654
hsa_full_labor_share_gap_hp_baseline_annual_q4_20260702_195638,hsa_full,labor_share_gap_hp,baseline,unrestricted,annual_q4,kappa_t,0,0.006736195043664984,-0.16653539292925093,0.17358893902672123
hsa_full_labor_share_gap_hp_baseline_annual_q4_20260702_195638,hsa_full,labor_share_gap_hp,baseline,unrestricted,annual_q4,kappa_t,5,0.005526774564602657,-0.16576127230542656,0.17215585033078012
hsa_full_labor_share_gap_hp_baseline_annual_q4_20260702_195638,hsa_full,labor_share_gap_hp,baseline,unrestricted,annual_q4,kappa_t,11,0.0013309670705108126,-0.1668897450179087,0.16261764422920952
hsa_full_labor_share_gap_hp_baseline_annual_q4_20260702_195638,hsa_full,labor_share_gap_hp,baseline,unrestricted,annual_q4,kappa_t,16,0.005271389644979299,-0.16205985535229267,0.16990834457189619
hsa_full_labor_share_gap_hp_baseline_annual_q4_20260702_195638,hsa_full,labor_share_gap_hp,baseline,unrestricted,annual_q4,kappa_t,21,0.01027612560457087,-0.16363376448185254,0.17525589667968655
hsa_full_labor_share_gap_hp_baseline_annual_q4_20260702_195638,hsa_full,labor_share_gap_hp,baseline,unrestricted,annual_q4,kappa_t,27,0.00845095807722039,-0.16358858290577516,0.1716844787279994
hsa_full_labor_share_gap_hp_baseline_annual_q4_20260702_195638,hsa_full,labor_share_gap_hp,baseline,unrestricted,annual_q4,kappa_t,32,0.00684487099815354,-0.16498277411925166,0.16677468296379389
hsa_full_labor_share_gap_hp_baseline_annual_q4_20260702_195638,hsa_full,labor_share_gap_hp,baseline,unrestricted,annual_q4,kappa_t,37,0.00804825987626775,-0.1632640958219466,0.1694331372568968
hsa_full_labor_share_gap_hp_baseline_annual_q4_20260702_195638,hsa_full,labor_share_gap_hp,baseline,unrestricted,annual_q4,kappa_t,43,0.01014876324342756,-0.1633436145472803,0.17255762565972058
hsa_full_labor_share_gap_hp_baseline_annual_q4_20260702_195638,hsa_full,labor_share_gap_hp,baseline,unrestricted,annual_q4,kappa_t,48,0.014130100806900869,-0.163494655320751,0.1765028627727899
hsa_full_labor_share_gap_hp_baseline_annual_q4_20260702_195638,hsa_full,labor_share_gap_hp,baseline,unrestricted,annual_q4,kappa_t,53,0.015630873992802025,-0.16119703373949426,0.17733206429508525
hsa_full_labor_share_gap_hp_baseline_annual_q4_20260702_195638,hsa_full,labor_share_gap_hp,baseline,unrestricted,annual_q4,kappa_t,59,0.015765504671756626,-0.16116565472054875,0.17731578481332683
hsa_full_labor_share_gap_hp_baseline_annual_q4_20260702_195638,hsa_full,labor_share_gap_hp,baseline,unrestricted,annual_q4,kappa_t,64,0.012342686679641451,-0.1623036779862281,0.17429625713190033
hsa_full_labor_share_gap_hp_baseline_annual_q4_20260702_195638,hsa_full,labor_share_gap_hp,baseline,unrestricted,annual_q4,kappa_t,70,0.0026753757667327053,-0.16344939964452565,0.16247055263729082
hsa_full_labor_share_gap_hp_baseline_annual_q4_20260702_195638,hsa_full,labor_share_gap_hp,baseline,unrestricted,annual_q4,kappa_t,75,-0.006355482414656144,-0.17387962914450691,0.1531614678599307
hsa_full_labor_share_gap_hp_baseline_annual_q4_20260702_195638,hsa_full,labor_share_gap_hp,baseline,unrestricted,annual_q4,kappa_t,80,-0.01660465586938814,-0.18456723050189666,0.14568317061017758
hsa_full_labor_share_gap_hp_baseline_annual_q4_20260702_195638,hsa_full,labor_share_gap_hp,baseline,unrestricted,annual_q4,kappa_t,86,-0.023780007078550245,-0.1969869888857594,0.14393839461556454
hsa_full_labor_share_gap_hp_baseline_annual_q4_20260702_195638,hsa_full,labor_share_gap_hp,baseline,unrestricted,annual_q4,kappa_t,91,-0.02671055300455784,-0.20122956071590856,0.14402149656988145
hsa_full_labor_share_gap_hp_baseline_annual_q4_20260702_195638,hsa_full,labor_share_gap_hp,baseline,unrestricted,annual_q4,kappa_t,96,-0.029354662534249582,-0.2036229678947949,0.14360646208653555
hsa_full_labor_share_gap_hp_baseline_annual_q4_20260702_195638,hsa_full,labor_share_gap_hp,baseline,unrestricted,annual_q4,kappa_t,102,-0.03199625599116035,-0.20899864061016385,0.1438497753866104
hsa_full_labor_share_gap_hp_baseline_annual_q4_20260702_195638,hsa_full,labor_share_gap_hp,baseline,unrestricted,annual_q4,kappa_t,107,-0.0367645578971525,-0.2182876053965508,0.14502444164845285
hsa_full_labor_share_gap_hp_baseline_annual_q4_20260702_195638,hsa_full,labor_share_gap_hp,baseline,unrestricted,annual_q4,kappa_t,112,-0.03938728400172258,-0.22286371936105379,0.14452785830199408
hsa_full_labor_share_gap_hp_baseline_annual_q4_20260702_195638,hsa_full,labor_share_gap_hp,baseline,unrestricted,annual_q4,kappa_t,118,-0.04192183327947301,-0.22951151983475065,0.1467527075644648
hsa_full_labor_share_gap_hp_baseline_annual_q4_20260702_195638,hsa_full,labor_share_gap_hp,baseline,unrestricted,annual_q4,kappa_t,123,-0.04459472407947716,-0.23805898598425254,0.14739432878975814
hsa_full_labor_share_gap_hp_baseline_annual_q4_20260702_195638,hsa_full,labor_share_gap_hp,baseline,unrestricted,annual_q4,theta_t,0,0.048807080974859016,-0.1642510361912466,0.28745063542991267
hsa_full_labor_share_gap_hp_baseline_annual_q4_20260702_195638,hsa_full,labor_share_gap_hp,baseline,unrestricted,annual_q4,theta_t,5,0.048993671147278484,-0.16289430672136151,0.28484592255888164
hsa_full_labor_share_gap_hp_baseline_annual_q4_20260702_195638,hsa_full,labor_share_gap_hp,baseline,unrestricted,annual_q4,theta_t,11,0.04928255140608945,-0.1618055041653006,0.28549282663085906
hsa_full_labor_share_gap_hp_baseline_annual_q4_20260702_195638,hsa_full,labor_share_gap_hp,baseline,unrestricted,annual_q4,theta_t,16,0.04896409790835676,-0.1650041913534315,0.2853654718334589
hsa_full_labor_share_gap_hp_baseline_annual_q4_20260702_195638,hsa_full,labor_share_gap_hp,baseline,unrestricted,annual_q4,theta_t,21,0.048623768126610775,-0.16381647102921412,0.2830661760506583
hsa_full_labor_share_gap_hp_baseline_annual_q4_20260702_195638,hsa_full,labor_share_gap_hp,baseline,unrestricted,annual_q4,theta_t,27,0.048886927069083326,-0.1642308446016126,0.2835751083453094
hsa_full_labor_share_gap_hp_baseline_annual_q4_20260702_195638,hsa_full,labor_share_gap_hp,baseline,unrestricted,annual_q4,theta_t,32,0.048995981589927365,-0.1612936350095576,0.2842759547583628
hsa_full_labor_share_gap_hp_baseline_annual_q4_20260702_195638,hsa_full,labor_share_gap_hp,baseline,unrestricted,annual_q4,theta_t,37,0.04891997999226778,-0.16367888279954892,0.28526367599607183
hsa_full_labor_share_gap_hp_baseline_annual_q4_20260702_195638,hsa_full,labor_share_gap_hp,baseline,unrestricted,annual_q4,theta_t,43,0.04883380737688699,-0.16482330555147806,0.28430679152910104
hsa_full_labor_share_gap_hp_baseline_annual_q4_20260702_195638,hsa_full,labor_share_gap_hp,baseline,unrestricted,annual_q4,theta_t,48,0.048711946575808074,-0.16305841845307134,0.28582816351485396
hsa_full_labor_share_gap_hp_baseline_annual_q4_20260702_195638,hsa_full,labor_share_gap_hp,baseline,unrestricted,annual_q4,theta_t,53,0.048776653309716436,-0.16710512446070494,0.28461590237531614
hsa_full_labor_share_gap_hp_baseline_annual_q4_20260702_195638,hsa_full,labor_share_gap_hp,baseline,unrestricted,annual_q4,theta_t,59,0.048647411452082095,-0.16739894984234793,0.2872818368198884
hsa_full_labor_share_gap_hp_baseline_annual_q4_20260702_195638,hsa_full,labor_share_gap_hp,baseline,unrestricted,annual_q4,theta_t,64,0.04882328575700622,-0.16530065016097084,0.28365092522353363
hsa_full_labor_share_gap_hp_baseline_annual_q4_20260702_195638,hsa_full,labor_share_gap_hp,baseline,unrestricted,annual_q4,theta_t,70,0.04936774669923534,-0.16362316010795017,0.28346725336906264
hsa_full_labor_share_gap_hp_baseline_annual_q4_20260702_195638,hsa_full,labor_share_gap_hp,baseline,unrestricted,annual_q4,theta_t,75,0.04979997231264612,-0.16236359460898303,0.2864277623618216
hsa_full_labor_share_gap_hp_baseline_annual_q4_20260702_195638,hsa_full,labor_share_gap_hp,baseline,unrestricted,annual_q4,theta_t,80,0.05030421799151372,-0.1644868232054169,0.29275400829740833
hsa_full_labor_share_gap_hp_baseline_annual_q4_20260702_195638,hsa_full,labor_share_gap_hp,baseline,unrestricted,annual_q4,theta_t,86,0.05084248284190407,-0.16834874509310685,0.3009059085844014
hsa_full_labor_share_gap_hp_baseline_annual_q4_20260702_195638,hsa_full,labor_share_gap_hp,baseline,unrestricted,annual_q4,theta_t,91,0.05101001426670198,-0.16954589185994476,0.3047253879486708
hsa_full_labor_share_gap_hp_baseline_annual_q4_20260702_195638,hsa_full,labor_share_gap_hp,baseline,unrestricted,annual_q4,theta_t,96,0.05119532465589576,-0.17105360544350484,0.30733451507356974
hsa_full_labor_share_gap_hp_baseline_annual_q4_20260702_195638,hsa_full,labor_share_gap_hp,baseline,unrestricted,annual_q4,theta_t,102,0.05131738493842763,-0.17492672626207045,0.3089843671076077
hsa_full_labor_share_gap_hp_baseline_annual_q4_20260702_195638,hsa_full,labor_share_gap_hp,baseline,unrestricted,annual_q4,theta_t,107,0.051614925490460414,-0.18066764174215957,0.3127725536977804
hsa_full_labor_share_gap_hp_baseline_annual_q4_20260702_195638,hsa_full,labor_share_gap_hp,baseline,unrestricted,annual_q4,theta_t,112,0.05169209701290173,-0.18255898307552357,0.3161423232964678
hsa_full_labor_share_gap_hp_baseline_annual_q4_20260702_195638,hsa_full,labor_share_gap_hp,baseline,unrestricted,annual_q4,theta_t,118,0.0519607256744397,-0.18452246362541652,0.31798923643018123
hsa_full_labor_share_gap_hp_baseline_annual_q4_20260702_195638,hsa_full,labor_share_gap_hp,baseline,unrestricted,annual_q4,theta_t,123,0.052245382416554964,-0.19110303079966304,0.322650438289003
hsa_full_labor_share_gap_hp_baseline_restricted_kappa_20260623_112854,hsa_full,labor_share_gap_hp,baseline,restricted_kappa,quarterly_interpolated,kappa_t,0,-0.018638020960903365,-0.1887211833159077,0.1551332326801161
hsa_full_labor_share_gap_hp_baseline_restricted_kappa_20260623_112854,hsa_full,labor_share_gap_hp,baseline,restricted_kappa,quarterly_interpolated,kappa_t,5,-0.017460004904569212,-0.1861789719832347,0.15378204320709132
hsa_full_labor_share_gap_hp_baseline_restricted_kappa_20260623_112854,hsa_full,labor_share_gap_hp,baseline,restricted_kappa,quarterly_interpolated,kappa_t,11,-0.009772361769722744,-0.17300830926745528,0.15647921948485682
hsa_full_labor_share_gap_hp_baseline_restricted_kappa_20260623_112854,hsa_full,labor_share_gap_hp,baseline,restricted_kappa,quarterly_interpolated,kappa_t,16,-0.000930228987578595,-0.16464039615890125,0.1676712104511365
hsa_full_labor_share_gap_hp_baseline_restricted_kappa_20260623_112854,hsa_full,labor_share_gap_hp,baseline,restricted_kappa,quarterly_interpolated,kappa_t,21,0.003370951867656644,-0.16441511018195032,0.17138654328615924
hsa_full_labor_share_gap_hp_baseline_restricted_kappa_20260623_112854,hsa_full,labor_share_gap_hp,baseline,restricted_kappa,quarterly_interpolated,kappa_t,27,0.005071674251101593,-0.16199577367693185,0.17528113908023957
hsa_full_labor_share_gap_hp_baseline_restricted_kappa_20260623_112854,hsa_full,labor_share_gap_hp,baseline,restricted_kappa,quarterly_interpolated,kappa_t,32,0.0063665545737264595,-0.16259723973551268,0.1793648244352209
hsa_full_labor_share_gap_hp_baseline_restricted_kappa_20260623_112854,hsa_full,labor_share_gap_hp,baseline,restricted_kappa,quarterly_interpolated,kappa_t,37,0.006377633452764674,-0.16254393837062156,0.17597519525476257
hsa_full_labor_share_gap_hp_baseline_restricted_kappa_20260623_112854,hsa_full,labor_share_gap_hp,baseline,restricted_kappa,quarterly_interpolated,kappa_t,43,0.008702471139544182,-0.16255280516276674,0.18248038050976445
hsa_full_labor_share_gap_hp_baseline_restricted_kappa_20260623_112854,hsa_full,labor_share_gap_hp,baseline,restricted_kappa,quarterly_interpolated,kappa_t,48,0.009716380703306661,-0.16356564074028399,0.18779178921516163
hsa_full_labor_share_gap_hp_baseline_restricted_kappa_20260623_112854,hsa_full,labor_share_gap_hp,baseline,restricted_kappa,quarterly_interpolated,kappa_t,53,0.0095624426185854,-0.16461713504719883,0.18474296410670882
hsa_full_labor_share_gap_hp_baseline_restricted_kappa_20260623_112854,hsa_full,labor_share_gap_hp,baseline,restricted_kappa,quarterly_interpolated,kappa_t,59,0.007951837603440768,-0.16218296696994255,0.1828813639935689
hsa_full_labor_share_gap_hp_baseline_restricted_kappa_20260623_112854,hsa_full,labor_share_gap_hp,baseline,restricted_kappa,quarterly_interpolated,kappa_t,64,0.003507764451930535,-0.16205516462788314,0.17102720500230703
hsa_full_labor_share_gap_hp_baseline_restricted_kappa_20260623_112854,hsa_full,labor_share_gap_hp,baseline,restricted_kappa,quarterly_interpolated,kappa_t,70,-0.0007405514432103469,-0.16379396273754443,0.16813829250360024
hsa_full_labor_share_gap_hp_baseline_restricted_kappa_20260623_112854,hsa_full,labor_share_gap_hp,baseline,restricted_kappa,quarterly_interpolated,kappa_t,75,-0.005603442850731526,-0.1644077413274716,0.16190150442425957
hsa_full_labor_share_gap_hp_baseline_restricted_kappa_20260623_112854,hsa_full,labor_share_gap_hp,baseline,restricted_kappa,quarterly_interpolated,kappa_t,80,-0.010233902785255647,-0.17264976791987166,0.15718026816827835
hsa_full_labor_share_gap_hp_baseline_restricted_kappa_20260623_112854,hsa_full,labor_share_gap_hp,baseline,restricted_kappa,quarterly_interpolated,kappa_t,86,-0.009909776080408621,-0.17290048914344536,0.15772294519258284
hsa_full_labor_share_gap_hp_baseline_restricted_kappa_20260623_112854,hsa_full,labor_share_gap_hp,baseline,restricted_kappa,quarterly_interpolated,kappa_t,91,-0.010021689920879439,-0.17254034345116323,0.15644739267561422
hsa_full_labor_share_gap_hp_baseline_restricted_kappa_20260623_112854,hsa_full,labor_share_gap_hp,baseline,restricted_kappa,quarterly_interpolated,kappa_t,96,-0.01083511792375962,-0.17180591989260174,0.15694608664852772
hsa_full_labor_share_gap_hp_baseline_restricted_kappa_20260623_112854,hsa_full,labor_share_gap_hp,baseline,restricted_kappa,quarterly_interpolated,kappa_t,102,-0.014563646629140137,-0.18166570865908957,0.15390793643383566
hsa_full_labor_share_gap_hp_baseline_restricted_kappa_20260623_112854,hsa_full,labor_share_gap_hp,baseline,restricted_kappa,quarterly_interpolated,kappa_t,107,-0.019244592613761154,-0.1891853714550313,0.1531835734250901
hsa_full_labor_share_gap_hp_baseline_restricted_kappa_20260623_112854,hsa_full,labor_share_gap_hp,baseline,restricted_kappa,quarterly_interpolated,kappa_t,112,-0.019954476572941998,-0.19242691480644492,0.15649503937008982
hsa_full_labor_share_gap_hp_baseline_restricted_kappa_20260623_112854,hsa_full,labor_share_gap_hp,baseline,restricted_kappa,quarterly_interpolated,kappa_t,118,-0.02002496569973022,-0.19231724737890898,0.15562374954185357
hsa_full_labor_share_gap_hp_baseline_restricted_kappa_20260623_112854,hsa_full,labor_share_gap_hp,baseline,restricted_kappa,quarterly_interpolated,kappa_t,123,-0.021140611199935225,-0.19369677237718305,0.15793763412331976
hsa_full_labor_share_gap_hp_baseline_restricted_kappa_20260623_112854,hsa_full,labor_share_gap_hp,baseline,restricted_kappa,quarterly_interpolated,theta_t,0,0.25731083213324896,0.07325198029172122,0.4902522114960747
hsa_full_labor_share_gap_hp_baseline_restricted_kappa_20260623_112854,hsa_full,labor_share_gap_hp,baseline,restricted_kappa,quarterly_interpolated,theta_t,5,0.25629386702530554,0.07346933661222248,0.485652117605216
hsa_full_labor_share_gap_hp_baseline_restricted_kappa_20260623_112854,hsa_full,labor_share_gap_hp,baseline,restricted_kappa,quarterly_interpolated,theta_t,11,0.25114810955606914,0.07888463271293572,0.4816719474616848
hsa_full_labor_share_gap_hp_baseline_restricted_kappa_20260623_112854,hsa_full,labor_share_gap_hp,baseline,restricted_kappa,quarterly_interpolated,theta_t,16,0.24476587702669078,0.06887064945685197,0.4720494275929547
hsa_full_labor_share_gap_hp_baseline_restricted_kappa_20260623_112854,hsa_full,labor_share_gap_hp,baseline,restricted_kappa,quarterly_interpolated,theta_t,21,0.24096119482098183,0.06361761822077922,0.4753936249701942
hsa_full_labor_share_gap_hp_baseline_restricted_kappa_20260623_112854,hsa_full,labor_share_gap_hp,baseline,restricted_kappa,quarterly_interpolated,theta_t,27,0.2392086852027132,0.05713595722077119,0.4752457142578297
hsa_full_labor_share_gap_hp_baseline_restricted_kappa_20260623_112854,hsa_full,labor_share_gap_hp,baseline,restricted_kappa,quarterly_interpolated,theta_t,32,0.2384344532762418,0.05146622572863436,0.47711696989602986
hsa_full_labor_share_gap_hp_baseline_restricted_kappa_20260623_112854,hsa_full,labor_share_gap_hp,baseline,restricted_kappa,quarterly_interpolated,theta_t,37,0.2378530576211536,0.05197673756491331,0.4795686534672373
hsa_full_labor_share_gap_hp_baseline_restricted_kappa_20260623_112854,hsa_full,labor_share_gap_hp,baseline,restricted_kappa,quarterly_interpolated,theta_t,43,0.2362224714683522,0.04499152144715216,0.47919170861069055
hsa_full_labor_share_gap_hp_baseline_restricted_kappa_20260623_112854,hsa_full,labor_share_gap_hp,baseline,restricted_kappa,quarterly_interpolated,theta_t,48,0.2353244473397087,0.037681595757421055,0.47883567221309775
hsa_full_labor_share_gap_hp_baseline_restricted_kappa_20260623_112854,hsa_full,labor_share_gap_hp,baseline,restricted_kappa,quarterly_interpolated,theta_t,53,0.23554580211257872,0.03684276789278413,0.47688466940291585
hsa_full_labor_share_gap_hp_baseline_restricted_kappa_20260623_112854,hsa_full,labor_share_gap_hp,baseline,restricted_kappa,quarterly_interpolated,theta_t,59,0.23611112598599468,0.03807829408249838,0.47935871069275066
hsa_full_labor_share_gap_hp_baseline_restricted_kappa_20260623_112854,hsa_full,labor_share_gap_hp,baseline,restricted_kappa,quarterly_interpolated,theta_t,64,0.23900429373359622,0.04613822075839768,0.474563516175677
hsa_full_labor_share_gap_hp_baseline_restricted_kappa_20260623_112854,hsa_full,labor_share_gap_hp,baseline,restricted_kappa,quarterly_interpolated,theta_t,70,0.2415314471343131,0.05408854903593403,0.47471123387643094
hsa_full_labor_share_gap_hp_baseline_restricted_kappa_20260623_112854,hsa_full,labor_share_gap_hp,baseline,restricted_kappa,quarterly_interpolated,theta_t,75,0.2448491199172475,0.0615028556179474,0.48254853481636467
hsa_full_labor_share_gap_hp_baseline_restricted_kappa_20260623_112854,hsa_full,labor_share_gap_hp,baseline,restricted_kappa,quarterly_interpolated,theta_t,80,0.24796828563822534,0.06956536257887505,0.48967255967342965
hsa_full_labor_share_gap_hp_baseline_restricted_kappa_20260623_112854,hsa_full,labor_share_gap_hp,baseline,restricted_kappa,quarterly_interpolated,theta_t,86,0.24788173023408416,0.06746077314407982,0.48834073504297343
hsa_full_labor_share_gap_hp_baseline_restricted_kappa_20260623_112854,hsa_full,labor_share_gap_hp,baseline,restricted_kappa,quarterly_interpolated,theta_t,91,0.24734150872882069,0.06743312310074347,0.4855679253926621
hsa_full_labor_share_gap_hp_baseline_restricted_kappa_20260623_112854,hsa_full,labor_share_gap_hp,baseline,restricted_kappa,quarterly_interpolated,theta_t,96,0.24795052192575667,0.06973335883108392,0.4857742923654851
hsa_full_labor_share_gap_hp_baseline_restricted_kappa_20260623_112854,hsa_full,labor_share_gap_hp,baseline,restricted_kappa,quarterly_interpolated,theta_t,102,0.25027956942509316,0.06989703119483504,0.49020567288024347
hsa_full_labor_share_gap_hp_baseline_restricted_kappa_20260623_112854,hsa_full,labor_share_gap_hp,baseline,restricted_kappa,quarterly_interpolated,theta_t,107,0.25324871334363314,0.07170857237170232,0.4984306738738365
hsa_full_labor_share_gap_hp_baseline_restricted_kappa_20260623_112854,hsa_full,labor_share_gap_hp,baseline,restricted_kappa,quarterly_interpolated,theta_t,112,0.2534348135142365,0.07189507158430342,0.5028185791598283
hsa_full_labor_share_gap_hp_baseline_restricted_kappa_20260623_112854,hsa_full,labor_share_gap_hp,baseline,restricted_kappa,quarterly_interpolated,theta_t,118,0.25363712500377333,0.06922214070059664,0.5017290186983547
hsa_full_labor_share_gap_hp_baseline_restricted_kappa_20260623_112854,hsa_full,labor_share_gap_hp,baseline,restricted_kappa,quarterly_interpolated,theta_t,123,0.25459531901025206,0.0704050638120475,0.5068424067731574
hsa_steady_labor_share_gap_hp_baseline_20260702_073600,hsa_steady,labor_share_gap_hp,baseline,unrestricted,quarterly_interpolated,kappa_t,0,0.01776253608788087,-0.1690763539951497,0.19743521365252706
hsa_steady_labor_share_gap_hp_baseline_20260702_073600,hsa_steady,labor_share_gap_hp,baseline,unrestricted,quarterly_interpolated,kappa_t,5,0.015833681407192875,-0.16550022958680125,0.19228357180497752
hsa_steady_labor_share_gap_hp_baseline_20260702_073600,hsa_steady,labor_share_gap_hp,baseline,unrestricted,quarterly_interpolated,kappa_t,11,0.013304894810701651,-0.16703883861455154,0.18594831175009283
hsa_steady_labor_share_gap_hp_baseline_20260702_073600,hsa_steady,labor_share_gap_hp,baseline,unrestricted,quarterly_interpolated,kappa_t,16,0.011668711316796714,-0.16735362240194052,0.18204259240351153
hsa_steady_labor_share_gap_hp_baseline_20260702_073600,hsa_steady,labor_share_gap_hp,baseline,unrestricted,quarterly_interpolated,kappa_t,21,0.009619790042624022,-0.16764491873295023,0.17891677187265284
hsa_steady_labor_share_gap_hp_baseline_20260702_073600,hsa_steady,labor_share_gap_hp,baseline,unrestricted,quarterly_interpolated,kappa_t,27,0.00711823267831348,-0.1675584916461698,0.17207743808182488
hsa_steady_labor_share_gap_hp_baseline_20260702_073600,hsa_steady,labor_share_gap_hp,baseline,unrestricted,quarterly_interpolated,kappa_t,32,0.005190530025917849,-0.16780264487969102,0.16967464716642958
hsa_steady_labor_share_gap_hp_baseline_20260702_073600,hsa_steady,labor_share_gap_hp,baseline,unrestricted,quarterly_interpolated,kappa_t,37,0.0032553127457163435,-0.1689758022063628,0.1664753633330338
hsa_steady_labor_share_gap_hp_baseline_20260702_073600,hsa_steady,labor_share_gap_hp,baseline,unrestricted,quarterly_interpolated,kappa_t,43,0.0009670100073189455,-0.1697765407688845,0.16426378603172304
hsa_steady_labor_share_gap_hp_baseline_20260702_073600,hsa_steady,labor_share_gap_hp,baseline,unrestricted,quarterly_interpolated,kappa_t,48,-0.0009563832154534305,-0.1715275502790715,0.16219068292372082
hsa_steady_labor_share_gap_hp_baseline_20260702_073600,hsa_steady,labor_share_gap_hp,baseline,unrestricted,quarterly_interpolated,kappa_t,53,-0.0029710034934646275,-0.17406964276120307,0.16006294320319917
hsa_steady_labor_share_gap_hp_baseline_20260702_073600,hsa_steady,labor_share_gap_hp,baseline,unrestricted,quarterly_interpolated,kappa_t,59,-0.005294362157840575,-0.1735348372461949,0.15741565003491356
hsa_steady_labor_share_gap_hp_baseline_20260702_073600,hsa_steady,labor_share_gap_hp,baseline,unrestricted,quarterly_interpolated,kappa_t,64,-0.007422641679394258,-0.17532517648255022,0.15481972943981687
hsa_steady_labor_share_gap_hp_baseline_20260702_073600,hsa_steady,labor_share_gap_hp,baseline,unrestricted,quarterly_interpolated,kappa_t,70,-0.009895792814093985,-0.17868095635176498,0.1530828481591176
hsa_steady_labor_share_gap_hp_baseline_20260702_073600,hsa_steady,labor_share_gap_hp,baseline,unrestricted,quarterly_interpolated,kappa_t,75,-0.012029754810247142,-0.18130161126551422,0.1537786383119677
hsa_steady_labor_share_gap_hp_baseline_20260702_073600,hsa_steady,labor_share_gap_hp,baseline,unrestricted,quarterly_interpolated,kappa_t,80,-0.01422607183290567,-0.18439915853751992,0.1524784969760457
hsa_steady_labor_share_gap_hp_baseline_20260702_073600,hsa_steady,labor_share_gap_hp,baseline,unrestricted,quarterly_interpolated,kappa_t,86,-0.01664024353428083,-0.18830238335883287,0.15342971477245604
hsa_steady_labor_share_gap_hp_baseline_20260702_073600,hsa_steady,labor_share_gap_hp,baseline,unrestricted,quarterly_interpolated,kappa_t,91,-0.01875952310326727,-0.19010830982737742,0.1514917431464677
hsa_steady_labor_share_gap_hp_baseline_20260702_073600,hsa_steady,labor_share_gap_hp,baseline,unrestricted,quarterly_interpolated,kappa_t,96,-0.020710766332049147,-0.19601023303907822,0.15425526611153187
hsa_steady_labor_share_gap_hp_baseline_20260702_073600,hsa_steady,labor_share_gap_hp,baseline,unrestricted,quarterly_interpolated,kappa_t,102,-0.023288229641516188,-0.20400876734062962,0.1541732208525811
hsa_steady_labor_share_gap_hp_baseline_20260702_073600,hsa_steady,labor_share_gap_hp,baseline,unrestricted,quarterly_interpolated,kappa_t,107,-0.02530184343738941,-0.20672140970832273,0.1524225387448194
hsa_steady_labor_share_gap_hp_baseline_20260702_073600,hsa_steady,labor_share_gap_hp,baseline,unrestricted,quarterly_interpolated,kappa_t,112,-0.027259121476801065,-0.21105666660025235,0.15329953606871152
hsa_steady_labor_share_gap_hp_baseline_20260702_073600,hsa_steady,labor_share_gap_hp,baseline,unrestricted,quarterly_interpolated,kappa_t,118,-0.029724937023078137,-0.21510305715461187,0.15635289280969114
hsa_steady_labor_share_gap_hp_baseline_20260702_073600,hsa_steady,labor_share_gap_hp,baseline,unrestricted,quarterly_interpolated,kappa_t,123,-0.031701829225700084,-0.22059748033588322,0.15754484684666464
hsa_steady_labor_share_gap_hp_baseline_20260702_144000,hsa_steady,labor_share_gap_hp,baseline,unrestricted,quarterly_interpolated,kappa_t,0,0.01776253608788087,-0.1690763539951497,0.19743521365252706
hsa_steady_labor_share_gap_hp_baseline_20260702_144000,hsa_steady,labor_share_gap_hp,baseline,unrestricted,quarterly_interpolated,kappa_t,5,0.015833681407192875,-0.16550022958680125,0.19228357180497752
hsa_steady_labor_share_gap_hp_baseline_20260702_144000,hsa_steady,labor_share_gap_hp,baseline,unrestricted,quarterly_interpolated,kappa_t,11,0.013304894810701651,-0.16703883861455154,0.18594831175009283
hsa_steady_labor_share_gap_hp_baseline_20260702_144000,hsa_steady,labor_share_gap_hp,baseline,unrestricted,quarterly_interpolated,kappa_t,16,0.011668711316796714,-0.16735362240194052,0.18204259240351153
hsa_steady_labor_share_gap_hp_baseline_20260702_144000,hsa_steady,labor_share_gap_hp,baseline,unrestricted,quarterly_interpolated,kappa_t,21,0.009619790042624022,-0.16764491873295023,0.17891677187265284
hsa_steady_labor_share_gap_hp_baseline_20260702_144000,hsa_steady,labor_share_gap_hp,baseline,unrestricted,quarterly_interpolated,kappa_t,27,0.00711823267831348,-0.1675584916461698,0.17207743808182488
hsa_steady_labor_share_gap_hp_baseline_20260702_144000,hsa_steady,labor_share_gap_hp,baseline,unrestricted,quarterly_interpolated,kappa_t,32,0.005190530025917849,-0.16780264487969102,0.16967464716642958
hsa_steady_labor_share_gap_hp_baseline_20260702_144000,hsa_steady,labor_share_gap_hp,baseline,unrestricted,quarterly_interpolated,kappa_t,37,0.0032553127457163435,-0.1689758022063628,0.1664753633330338
hsa_steady_labor_share_gap_hp_baseline_20260702_144000,hsa_steady,labor_share_gap_hp,baseline,unrestricted,quarterly_interpolated,kappa_t,43,0.0009670100073189455,-0.1697765407688845,0.16426378603172304
hsa_steady_labor_share_gap_hp_baseline_20260702_144000,hsa_steady,labor_share_gap_hp,baseline,unrestricted,quarterly_interpolated,kappa_t,48,-0.0009563832154534305,-0.1715275502790715,0.16219068292372082
hsa_steady_labor_share_gap_hp_baseline_20260702_144000,hsa_steady,labor_share_gap_hp,baseline,unrestricted,quarterly_interpolated,kappa_t,53,-0.0029710034934646275,-0.17406964276120307,0.16006294320319917
hsa_steady_labor_share_gap_hp_baseline_20260702_144000,hsa_steady,labor_share_gap_hp,baseline,unrestricted,quarterly_interpolated,kappa_t,59,-0.005294362157840575,-0.1735348372461949,0.15741565003491356
hsa_steady_labor_share_gap_hp_baseline_20260702_144000,hsa_steady,labor_share_gap_hp,baseline,unrestricted,quarterly_interpolated,kappa_t,64,-0.007422641679394258,-0.17532517648255022,0.15481972943981687
hsa_steady_labor_share_gap_hp_baseline_20260702_144000,hsa_steady,labor_share_gap_hp,baseline,unrestricted,quarterly_interpolated,kappa_t,70,-0.009895792814093985,-0.17868095635176498,0.1530828481591176
hsa_steady_labor_share_gap_hp_baseline_20260702_144000,hsa_steady,labor_share_gap_hp,baseline,unrestricted,quarterly_interpolated,kappa_t,75,-0.012029754810247142,-0.18130161126551422,0.1537786383119677
hsa_steady_labor_share_gap_hp_baseline_20260702_144000,hsa_steady,labor_share_gap_hp,baseline,unrestricted,quarterly_interpolated,kappa_t,80,-0.01422607183290567,-0.18439915853751992,0.1524784969760457
hsa_steady_labor_share_gap_hp_baseline_20260702_144000,hsa_steady,labor_share_gap_hp,baseline,unrestricted,quarterly_interpolated,kappa_t,86,-0.01664024353428083,-0.18830238335883287,0.15342971477245604
hsa_steady_labor_share_gap_hp_baseline_20260702_144000,hsa_steady,labor_share_gap_hp,baseline,unrestricted,quarterly_interpolated,kappa_t,91,-0.01875952310326727,-0.19010830982737742,0.1514917431464677
hsa_steady_labor_share_gap_hp_baseline_20260702_144000,hsa_steady,labor_share_gap_hp,baseline,unrestricted,quarterly_interpolated,kappa_t,96,-0.020710766332049147,-0.19601023303907822,0.15425526611153187
hsa_steady_labor_share_gap_hp_baseline_20260702_144000,hsa_steady,labor_share_gap_hp,baseline,unrestricted,quarterly_interpolated,kappa_t,102,-0.023288229641516188,-0.20400876734062962,0.1541732208525811
hsa_steady_labor_share_gap_hp_baseline_20260702_144000,hsa_steady,labor_share_gap_hp,baseline,unrestricted,quarterly_interpolated,kappa_t,107,-0.02530184343738941,-0.20672140970832273,0.1524225387448194
hsa_steady_labor_share_gap_hp_baseline_20260702_144000,hsa_steady,labor_share_gap_hp,baseline,unrestricted,quarterly_interpolated,kappa_t,112,-0.027259121476801065,-0.21105666660025235,0.15329953606871152
hsa_steady_labor_share_gap_hp_baseline_20260702_144000,hsa_steady,labor_share_gap_hp,baseline,unrestricted,quarterly_interpolated,kappa_t,118,-0.029724937023078137,-0.21510305715461187,0.15635289280969114
hsa_steady_labor_share_gap_hp_baseline_20260702_144000,hsa_steady,labor_share_gap_hp,baseline,unrestricted,quarterly_interpolated,kappa_t,123,-0.031701829225700084,-0.22059748033588322,0.15754484684666464
hsa_steady_labor_share_gap_hp_baseline_annual_q4_20260702_194949,hsa_steady,labor_share_gap_hp,baseline,unrestricted,annual_q4,kappa_t,0,0.003464180247812811,-0.16147728278008508,0.17406047389310858
hsa_steady_labor_share_gap_hp_baseline_annual_q4_20260702_194949,hsa_steady,labor_share_gap_hp,baseline,unrestricted,annual_q4,kappa_t,5,0.0025254249168446923,-0.1612879709009823,0.16906404137252493
hsa_steady_labor_share_gap_hp_baseline_annual_q4_20260702_194949,hsa_steady,labor_share_gap_hp,baseline,unrestricted,annual_q4,kappa_t,11,-0.0012828470299564348,-0.16154571829335343,0.1634160575081209
hsa_steady_labor_share_gap_hp_baseline_annual_q4_20260702_194949,hsa_steady,labor_share_gap_hp,baseline,unrestricted,annual_q4,kappa_t,16,0.0019491548526594127,-0.1594332489230674,0.16926891889036394
hsa_steady_labor_share_gap_hp_baseline_annual_q4_20260702_194949,hsa_steady,labor_share_gap_hp,baseline,unrestricted,annual_q4,kappa_t,21,0.0060893758753776915,-0.1567441614852695,0.17409260000713303
hsa_steady_labor_share_gap_hp_baseline_annual_q4_20260702_194949,hsa_steady,labor_share_gap_hp,baseline,unrestricted,annual_q4,kappa_t,27,0.003600022501548844,-0.15957408817062024,0.1682288011260881
hsa_steady_labor_share_gap_hp_baseline_annual_q4_20260702_194949,hsa_steady,labor_share_gap_hp,baseline,unrestricted,annual_q4,kappa_t,32,0.0013461450527668614,-0.1617593565466894,0.16304490061352298
hsa_steady_labor_share_gap_hp_baseline_annual_q4_20260702_194949,hsa_steady,labor_share_gap_hp,baseline,unrestricted,annual_q4,kappa_t,37,0.001589744489155271,-0.1629822768539506,0.16249060840517326
hsa_steady_labor_share_gap_hp_baseline_annual_q4_20260702_194949,hsa_steady,labor_share_gap_hp,baseline,unrestricted,annual_q4,kappa_t,43,0.0032819847937641243,-0.16177045028016848,0.1660175883572264
hsa_steady_labor_share_gap_hp_baseline_annual_q4_20260702_194949,hsa_steady,labor_share_gap_hp,baseline,unrestricted,annual_q4,kappa_t,48,0.0066786658841475185,-0.15836498986183,0.1727480210199514
hsa_steady_labor_share_gap_hp_baseline_annual_q4_20260702_194949,hsa_steady,labor_share_gap_hp,baseline,unrestricted,annual_q4,kappa_t,53,0.00785528770792357,-0.15834736549688333,0.17724125793892526
hsa_steady_labor_share_gap_hp_baseline_annual_q4_20260702_194949,hsa_steady,labor_share_gap_hp,baseline,unrestricted,annual_q4,kappa_t,59,0.008170066055014157,-0.15937907124063974,0.17742477214679783
hsa_steady_labor_share_gap_hp_baseline_annual_q4_20260702_194949,hsa_steady,labor_share_gap_hp,baseline,unrestricted,annual_q4,kappa_t,64,0.004971757738139658,-0.1609216769003381,0.17161798859071178
hsa_steady_labor_share_gap_hp_baseline_annual_q4_20260702_194949,hsa_steady,labor_share_gap_hp,baseline,unrestricted,annual_q4,kappa_t,70,-0.003918146120259911,-0.164812303803327,0.15499926662703947
hsa_steady_labor_share_gap_hp_baseline_annual_q4_20260702_194949,hsa_steady,labor_share_gap_hp,baseline,unrestricted,annual_q4,kappa_t,75,-0.01217424645186316,-0.17738235127986218,0.14471270332183558
hsa_steady_labor_share_gap_hp_baseline_annual_q4_20260702_194949,hsa_steady,labor_share_gap_hp,baseline,unrestricted,annual_q4,kappa_t,80,-0.021583500886311398,-0.18563792800367723,0.13912849556684023
hsa_steady_labor_share_gap_hp_baseline_annual_q4_20260702_194949,hsa_steady,labor_share_gap_hp,baseline,unrestricted,annual_q4,kappa_t,86,-0.028159873180459125,-0.19363236819283847,0.13870657559640498
hsa_steady_labor_share_gap_hp_baseline_annual_q4_20260702_194949,hsa_steady,labor_share_gap_hp,baseline,unrestricted,annual_q4,kappa_t,91,-0.030633202106875722,-0.19844382756863047,0.13717953342191258
hsa_steady_labor_share_gap_hp_baseline_annual_q4_20260702_194949,hsa_steady,labor_share_gap_hp,baseline,unrestricted,annual_q4,kappa_t,96,-0.03307203520387913,-0.20702034863356686,0.1381825174011263
hsa_steady_labor_share_gap_hp_baseline_annual_q4_20260702_194949,hsa_steady,labor_share_gap_hp,baseline,unrestricted,annual_q4,kappa_t,102,-0.03588372043431337,-0.21344016865622617,0.13832080043403458
hsa_steady_labor_share_gap_hp_baseline_annual_q4_20260702_194949,hsa_steady,labor_share_gap_hp,baseline,unrestricted,annual_q4,kappa_t,107,-0.04054369628022036,-0.22467596391254485,0.13833580185427138
hsa_steady_labor_share_gap_hp_baseline_annual_q4_20260702_194949,hsa_steady,labor_share_gap_hp,baseline,unrestricted,annual_q4,kappa_t,112,-0.0431795681007993,-0.22896631974332832,0.13831389359305543
hsa_steady_labor_share_gap_hp_baseline_annual_q4_20260702_194949,hsa_steady,labor_share_gap_hp,baseline,unrestricted,annual_q4,kappa_t,118,-0.045751894562845286,-0.23029138158279358,0.13980693185963647
hsa_steady_labor_share_gap_hp_baseline_annual_q4_20260702_194949,hsa_steady,labor_share_gap_hp,baseline,unrestricted,annual_q4,kappa_t,123,-0.048195287921678424,-0.23614918037598107,0.1423696129918945
hsa_steady_labor_share_gap_hp_baseline_restricted_kappa_20260623_112158,hsa_steady,labor_share_gap_hp,baseline,restricted_kappa,quarterly_interpolated,kappa_t,0,-0.005391910046430066,-0.175304808269315,0.16915396536769053
hsa_steady_labor_share_gap_hp_baseline_restricted_kappa_20260623_112158,hsa_steady,labor_share_gap_hp,baseline,restricted_kappa,quarterly_interpolated,kappa_t,5,-0.005541750703123407,-0.17358506789925213,0.16484133562065723
hsa_steady_labor_share_gap_hp_baseline_restricted_kappa_20260623_112158,hsa_steady,labor_share_gap_hp,baseline,restricted_kappa,quarterly_interpolated,kappa_t,11,0.004858798499077165,-0.1615014108910354,0.17500622817131795
hsa_steady_labor_share_gap_hp_baseline_restricted_kappa_20260623_112158,hsa_steady,labor_share_gap_hp,baseline,restricted_kappa,quarterly_interpolated,kappa_t,16,0.018925499456114624,-0.15648724991533072,0.19450588678613673
hsa_steady_labor_share_gap_hp_baseline_restricted_kappa_20260623_112158,hsa_steady,labor_share_gap_hp,baseline,restricted_kappa,quarterly_interpolated,kappa_t,21,0.02034095076163545,-0.15590968000276295,0.19391522724972857
hsa_steady_labor_share_gap_hp_baseline_restricted_kappa_20260623_112158,hsa_steady,labor_share_gap_hp,baseline,restricted_kappa,quarterly_interpolated,kappa_t,27,0.014811614927034467,-0.15858984883442434,0.18938110967868013
hsa_steady_labor_share_gap_hp_baseline_restricted_kappa_20260623_112158,hsa_steady,labor_share_gap_hp,baseline,restricted_kappa,quarterly_interpolated,kappa_t,32,0.012736730640743313,-0.16046478770432113,0.18717343717839968
hsa_steady_labor_share_gap_hp_baseline_restricted_kappa_20260623_112158,hsa_steady,labor_share_gap_hp,baseline,restricted_kappa,quarterly_interpolated,kappa_t,37,0.013480573891753047,-0.15879853730196167,0.18680403446738608
hsa_steady_labor_share_gap_hp_baseline_restricted_kappa_20260623_112158,hsa_steady,labor_share_gap_hp,baseline,restricted_kappa,quarterly_interpolated,kappa_t,43,0.018522372372760103,-0.15530832621323293,0.19624891507086434
hsa_steady_labor_share_gap_hp_baseline_restricted_kappa_20260623_112158,hsa_steady,labor_share_gap_hp,baseline,restricted_kappa,quarterly_interpolated,kappa_t,48,0.02211778889708581,-0.1555282291368373,0.2053010466732045
hsa_steady_labor_share_gap_hp_baseline_restricted_kappa_20260623_112158,hsa_steady,labor_share_gap_hp,baseline,restricted_kappa,quarterly_interpolated,kappa_t,53,0.02307426801450148,-0.1559801101993343,0.2017580861240966
hsa_steady_labor_share_gap_hp_baseline_restricted_kappa_20260623_112158,hsa_steady,labor_share_gap_hp,baseline,restricted_kappa,quarterly_interpolated,kappa_t,59,0.020939898130041257,-0.1558262024102822,0.19710739472486874
hsa_steady_labor_share_gap_hp_baseline_restricted_kappa_20260623_112158,hsa_steady,labor_share_gap_hp,baseline,restricted_kappa,quarterly_interpolated,kappa_t,64,0.012020091727437893,-0.15594902137423655,0.18126323141508865
hsa_steady_labor_share_gap_hp_baseline_restricted_kappa_20260623_112158,hsa_steady,labor_share_gap_hp,baseline,restricted_kappa,quarterly_interpolated,kappa_t,70,-0.0012248961196307884,-0.1633877640197522,0.16234310768046287
hsa_steady_labor_share_gap_hp_baseline_restricted_kappa_20260623_112158,hsa_steady,labor_share_gap_hp,baseline,restricted_kappa,quarterly_interpolated,kappa_t,75,-0.013478293884146224,-0.1784487486400177,0.15055685936199054
hsa_steady_labor_share_gap_hp_baseline_restricted_kappa_20260623_112158,hsa_steady,labor_share_gap_hp,baseline,restricted_kappa,quarterly_interpolated,kappa_t,80,-0.023002295769057487,-0.18952144157148826,0.14272979931944774
hsa_steady_labor_share_gap_hp_baseline_restricted_kappa_20260623_112158,hsa_steady,labor_share_gap_hp,baseline,restricted_kappa,quarterly_interpolated,kappa_t,86,-0.026115636430914645,-0.1975095433407933,0.1435693729540866
hsa_steady_labor_share_gap_hp_baseline_restricted_kappa_20260623_112158,hsa_steady,labor_share_gap_hp,baseline,restricted_kappa,quarterly_interpolated,kappa_t,91,-0.028465583066875064,-0.1984714695324105,0.14286789469232603
hsa_steady_labor_share_gap_hp_baseline_restricted_kappa_20260623_112158,hsa_steady,labor_share_gap_hp,baseline,restricted_kappa,quarterly_interpolated,kappa_t,96,-0.03010646323949392,-0.20453654150744446,0.14476799539653953
hsa_steady_labor_share_gap_hp_baseline_restricted_kappa_20260623_112158,hsa_steady,labor_share_gap_hp,baseline,restricted_kappa,quarterly_interpolated,kappa_t,102,-0.03626145714173174,-0.21608371453619976,0.14191318821863216
hsa_steady_labor_share_gap_hp_baseline_restricted_kappa_20260623_112158,hsa_steady,labor_share_gap_hp,baseline,restricted_kappa,quarterly_interpolated,kappa_t,107,-0.04119798142474195,-0.22611609372477595,0.14244178351695502
hsa_steady_labor_share_gap_hp_baseline_restricted_kappa_20260623_112158,hsa_steady,labor_share_gap_hp,baseline,restricted_kappa,quarterly_interpolated,kappa_t,112,-0.0431087319811675,-0.22852488300085078,0.14056540930427508
hsa_steady_labor_share_gap_hp_baseline_restricted_kappa_20260623_112158,hsa_steady,labor_share_gap_hp,baseline,restricted_kappa,quarterly_interpolated,kappa_t,118,-0.04632951240637432,-0.2343627846676409,0.14436347526208726
hsa_steady_labor_share_gap_hp_baseline_restricted_kappa_20260623_112158,hsa_steady,labor_share_gap_hp,baseline,restricted_kappa,quarterly_interpolated,kappa_t,123,-0.047967516327314906,-0.23920445860419068,0.1473640365090076
hsa_steady_labor_share_gap_hp_baseline_restricted_kappa_t_20260702_074204,hsa_steady,labor_share_gap_hp,baseline,restricted_kappa_t,quarterly_interpolated,kappa_t,0,0.09450516899013497,0.004353593388352912,0.24616536612105858
hsa_steady_labor_share_gap_hp_baseline_restricted_kappa_t_20260702_074204,hsa_steady,labor_share_gap_hp,baseline,restricted_kappa_t,quarterly_interpolated,kappa_t,5,0.09360197856904509,0.0056985638021757185,0.23980929271485973
hsa_steady_labor_share_gap_hp_baseline_restricted_kappa_t_20260702_074204,hsa_steady,labor_share_gap_hp,baseline,restricted_kappa_t,quarterly_interpolated,kappa_t,11,0.09238373805956765,0.007245770907714134,0.2329548304870123
hsa_steady_labor_share_gap_hp_baseline_restricted_kappa_t_20260702_074204,hsa_steady,labor_share_gap_hp,baseline,restricted_kappa_t,quarterly_interpolated,kappa_t,16,0.09159115193901911,0.008008250437387501,0.23086463965167123
hsa_steady_labor_share_gap_hp_baseline_restricted_kappa_t_20260702_074204,hsa_steady,labor_share_gap_hp,baseline,restricted_kappa_t,quarterly_interpolated,kappa_t,21,0.09058626516479898,0.00877246391865203,0.2270752581771289
hsa_steady_labor_share_gap_hp_baseline_restricted_kappa_t_20260702_074204,hsa_steady,labor_share_gap_hp,baseline,restricted_kappa_t,quarterly_interpolated,kappa_t,27,0.08936300159099125,0.00952414567302878,0.2204560025271084
hsa_steady_labor_share_gap_hp_baseline_restricted_kappa_t_20260702_074204,hsa_steady,labor_share_gap_hp,baseline,restricted_kappa_t,quarterly_interpolated,kappa_t,32,0.08846494177475762,0.010060253164847393,0.21688263197762414
hsa_steady_labor_share_gap_hp_baseline_restricted_kappa_t_20260702_074204,hsa_steady,labor_share_gap_hp,baseline,restricted_kappa_t,quarterly_interpolated,kappa_t,37,0.08752304146763983,0.01040687784232599,0.21221391550947788
hsa_steady_labor_share_gap_hp_baseline_restricted_kappa_t_20260702_074204,hsa_steady,labor_share_gap_hp,baseline,restricted_kappa_t,quarterly_interpolated,kappa_t,43,0.08642273790038377,0.01070341417585682,0.20633793010562057
hsa_steady_labor_share_gap_hp_baseline_restricted_kappa_t_20260702_074204,hsa_steady,labor_share_gap_hp,baseline,restricted_kappa_t,quarterly_interpolated,kappa_t,48,0.08549608490766197,0.01085236161229865,0.20257928746833784
hsa_steady_labor_share_gap_hp_baseline_restricted_kappa_t_20260702_074204,hsa_steady,labor_share_gap_hp,baseline,restricted_kappa_t,quarterly_interpolated,kappa_t,53,0.08452820530165152,0.011116127533043417,0.19844098186040104
hsa_steady_labor_share_gap_hp_baseline_restricted_kappa_t_20260702_074204,hsa_steady,labor_share_gap_hp,baseline,restricted_kappa_t,quarterly_interpolated,kappa_t,59,0.08341866679674519,0.011526953837354305,0.19768172935365266
hsa_steady_labor_share_gap_hp_baseline_restricted_kappa_t_20260702_074204,hsa_steady,labor_share_gap_hp,baseline,restricted_kappa_t,quarterly_interpolated,kappa_t,64,0.08237963401134271,0.0114789535625574,0.19483119839716484
hsa_steady_labor_share_gap_hp_baseline_restricted_kappa_t_20260702_074204,hsa_steady,labor_share_gap_hp,baseline,restricted_kappa_t,quarterly_interpolated,kappa_t,70,0.08117544216337887,0.01151389445670758,0.19471948007324702
hsa_steady_labor_share_gap_hp_baseline_restricted_kappa_t_20260702_074204,hsa_steady,labor_share_gap_hp,baseline,restricted_kappa_t,quarterly_interpolated,kappa_t,75,0.08017812333054991,0.0112441315663911,0.19485066612916122
hsa_steady_labor_share_gap_hp_baseline_restricted_kappa_t_20260702_074204,hsa_steady,labor_share_gap_hp,baseline,restricted_kappa_t,quarterly_interpolated,kappa_t,80,0.07910452934439258,0.010569077588456993,0.19421885870681369
hsa_steady_labor_share_gap_hp_baseline_restricted_kappa_t_20260702_074204,hsa_steady,labor_share_gap_hp,baseline,restricted_kappa_t,quarterly_interpolated,kappa_t,86,0.07793865475158455,0.01009125227530118,0.19396288127391478
hsa_steady_labor_share_gap_hp_baseline_restricted_kappa_t_20260702_074204,hsa_steady,labor_share_gap_hp,baseline,restricted_kappa_t,quarterly_interpolated,kappa_t,91,0.07691743656724054,0.00963046723365468,0.19358219278147906
hsa_steady_labor_share_gap_hp_baseline_restricted_kappa_t_20260702_074204,hsa_steady,labor_share_gap_hp,baseline,restricted_kappa_t,quarterly_interpolated,kappa_t,96,0.07598709149250935,0.008808717587070587,0.1919740485437655
hsa_steady_labor_share_gap_hp_baseline_restricted_kappa_t_20260702_074204,hsa_steady,labor_share_gap_hp,baseline,restricted_kappa_t,quarterly_interpolated,kappa_t,102,0.07474513402568725,0.007189488529707679,0.19482227816218511
hsa_steady_labor_share_gap_hp_baseline_restricted_kappa_t_20260702_074204,hsa_steady,labor_share_gap_hp,baseline,restricted_kappa_t,quarterly_interpolated,kappa_t,107,0.0737500551577803,0.0060971055461206975,0.19731189258102036
hsa_steady_labor_share_gap_hp_baseline_restricted_kappa_t_20260702_074204,hsa_steady,labor_share_gap_hp,baseline,restricted_kappa_t,quarterly_interpolated,kappa_t,112,0.07278818899042148,0.004232110993770863,0.19873090080548964
hsa_steady_labor_share_gap_hp_baseline_restricted_kappa_t_20260702_074204,hsa_steady,labor_share_gap_hp,baseline,restricted_kappa_t,quarterly_interpolated,kappa_t,118,0.07161639771680278,0.0013787946142324607,0.2010441250648284
hsa_steady_labor_share_gap_hp_baseline_restricted_kappa_t_20260702_074204,hsa_steady,labor_share_gap_hp,baseline,restricted_kappa_t,quarterly_interpolated,kappa_t,123,0.07067353662940624,-0.0014013957161492377,0.2030187536645477
